Customer_ID,Age,Num_Interactions,Feedback_Score,Products_Purchased,Products_Viewed,Time_Spent_on_Site,Satisfaction_Score,Gender_Female,Gender_Male,Location_Rural,Location_Suburban,Location_Urban,Retention_Status_Churned,Retention_Status_Retained
1,56,11,4,18,38,18.31960576911088,7,False,True,False,False,True,False,True
2,69,10,3,2,17,9.015197609479504,6,False,True,False,True,False,False,True
3,46,5,5,11,46,45.92157191912222,10,False,True,False,False,True,True,False
4,32,5,1,6,13,44.10505290723962,5,True,False,False,True,False,True,False
5,60,14,5,8,46,17.897471272075155,1,False,True,False,False,True,False,True
6,25,6,2,4,35,46.21584591982858,3,False,True,True,False,False,False,True
7,38,8,4,18,11,55.48124857014542,9,False,True,False,True,False,True,False
8,56,10,4,11,8,10.94159266203686,1,True,False,True,False,False,False,True
9,36,6,2,5,23,17.795015111272622,5,True,False,False,True,False,True,False
10,40,12,3,15,46,46.26434367480236,2,False,True,True,False,False,False,True
11,28,1,3,18,34,20.097867042889305,4,False,True,False,False,True,False,True
12,28,8,4,2,35,39.35651858560442,1,False,True,False,False,True,False,True
13,41,8,4,11,39,9.4640323455043,3,False,True,False,False,True,True,False
14,53,9,1,13,25,29.87113635069463,10,True,False,False,True,False,False,True
15,57,9,3,4,35,45.65002820961242,7,True,False,True,False,False,False,True
16,41,2,2,7,23,42.758266867378886,10,True,False,False,False,True,False,True
17,20,2,3,11,35,49.828965537169374,3,True,False,True,False,False,True,False
18,39,3,1,4,36,53.25986696317429,4,False,True,True,False,False,True,False
19,19,1,4,15,6,47.5250925692317,2,False,True,False,False,True,False,True
20,41,4,4,1,14,41.93732586164093,3,False,True,False,False,True,False,True
21,61,14,1,3,6,6.744737049881714,9,True,False,True,False,False,False,True
22,47,4,2,14,6,34.42316703751942,3,False,True,False,False,True,False,True
23,55,14,4,6,28,7.073374870316904,5,True,False,False,False,True,False,True
24,19,9,5,18,21,49.44372994138124,2,True,False,False,False,True,False,True
25,38,9,4,1,36,22.639848845297667,4,False,True,False,True,False,False,True
26,50,9,5,6,20,35.93361557648565,7,False,True,True,False,False,False,True
27,29,10,1,6,20,20.369491902539643,7,False,True,True,False,False,False,True
28,39,7,1,16,43,48.03750794091615,3,True,False,False,True,False,True,False
29,61,14,4,5,35,53.75763896530464,5,False,True,True,False,False,False,True
30,42,2,3,17,47,26.92533718171852,1,True,False,False,False,True,False,True
31,66,10,5,10,28,52.4607316431044,10,False,True,True,False,False,False,True
32,44,5,2,18,5,19.68912541009828,10,True,False,False,False,True,False,True
33,59,4,4,7,15,34.40635076915381,10,True,False,False,True,False,False,True
34,45,12,2,3,25,52.23187864112872,1,False,True,False,False,True,True,False
35,33,11,4,13,8,22.92347384386847,5,True,False,True,False,False,False,True
36,32,8,3,15,11,57.47232457929472,10,True,False,True,False,False,False,True
37,64,2,3,19,30,11.7033725979761,9,False,True,True,False,False,False,True
38,68,6,3,3,16,6.005128834792843,1,True,False,False,True,False,True,False
39,61,13,3,4,35,54.72744439180049,1,False,True,False,True,False,False,True
40,69,5,1,5,21,8.775676638132973,4,True,False,True,False,False,False,True
41,20,12,1,1,37,59.55390577711204,4,False,True,False,False,True,False,True
42,54,2,5,4,15,57.32682740885084,2,False,True,False,True,False,False,True
43,68,11,2,12,32,12.536150051997636,9,True,False,True,False,False,True,False
44,24,10,4,10,36,34.56715441309112,9,True,False,True,False,False,True,False
45,38,1,4,13,5,15.170616360692938,2,True,False,False,True,False,False,True
46,26,8,1,14,32,28.54853451665659,9,True,False,False,True,False,False,True
47,56,2,4,5,46,8.378382109290797,6,True,False,False,True,False,True,False
48,35,7,1,4,11,17.315852328812426,8,False,True,False,False,True,False,True
49,21,9,5,14,6,24.980003801939475,10,True,False,False,False,True,False,True
50,42,9,2,10,46,29.125612513533014,4,False,True,True,False,False,True,False
51,31,8,5,17,28,58.76229420148913,2,False,True,False,True,False,True,False
52,67,11,3,10,8,49.432610512618965,2,True,False,False,False,True,False,True
53,26,14,3,7,48,45.55754693715704,9,False,True,False,True,False,False,True
54,43,12,3,16,23,34.53727231080858,1,False,True,True,False,False,False,True
55,19,10,5,1,30,51.19987683323889,7,False,True,False,False,True,True,False
56,37,9,4,17,15,23.66275596106411,3,False,True,False,False,True,False,True
57,45,2,2,9,44,43.98945120253239,3,True,False,False,False,True,False,True
58,64,6,3,6,47,59.65811864579946,2,False,True,True,False,False,False,True
59,24,4,3,19,15,22.30458999143593,10,True,False,False,True,False,False,True
60,61,14,3,13,49,42.0709644186182,6,True,False,False,False,True,False,True
61,25,4,2,3,7,51.43731752838104,10,False,True,True,False,False,False,True
62,64,5,3,7,16,55.36941708428697,2,True,False,False,True,False,False,True
63,52,12,2,9,7,44.4862980017056,10,True,False,True,False,False,False,True
64,31,3,3,5,46,20.59843578794249,4,True,False,False,True,False,True,False
65,34,14,5,10,31,22.945518336292057,10,False,True,True,False,False,False,True
66,53,1,5,17,6,6.141691766818031,9,True,False,False,True,False,True,False
67,67,8,2,12,20,46.84872877193303,9,True,False,False,False,True,True,False
68,57,5,5,16,6,7.350678333407325,6,True,False,False,True,False,False,True
69,21,3,2,3,34,52.55587950315101,4,False,True,True,False,False,False,True
70,19,10,5,9,24,11.526333796099632,7,True,False,True,False,False,True,False
71,23,14,5,15,42,14.453208167475834,1,False,True,False,True,False,False,True
72,59,7,2,5,32,31.20895589577305,4,False,True,False,False,True,False,True
73,21,7,4,13,29,45.58342283428083,5,False,True,False,False,True,False,True
74,46,1,5,14,36,12.645121285949273,8,False,True,False,True,False,False,True
75,35,12,3,15,14,29.20390912865741,2,False,True,False,True,False,True,False
76,43,9,4,16,46,31.556820092555764,5,False,True,True,False,False,True,False
77,61,2,2,13,44,16.675710291772525,6,True,False,False,False,True,True,False
78,51,5,4,17,37,11.355710717434746,5,False,True,False,True,False,False,True
79,27,13,1,8,17,51.003150764210176,9,True,False,False,False,True,False,True
80,53,14,1,2,45,32.6356107369521,10,True,False,False,True,False,False,True
81,31,5,5,5,46,5.790967979128413,1,False,True,False,True,False,False,True
82,48,14,5,6,41,49.16397157200071,3,True,False,False,False,True,False,True
83,65,8,3,12,20,58.94365929780216,2,True,False,False,True,False,False,True
84,32,14,4,18,49,38.325940747783605,3,True,False,False,True,False,False,True
85,25,8,1,1,26,32.70396128962389,10,True,False,True,False,False,False,True
86,31,14,5,17,24,53.31287246747289,9,False,True,False,True,False,False,True
87,40,7,4,11,47,57.38842343265293,9,True,False,False,True,False,False,True
88,57,7,5,10,31,46.49953037463533,10,False,True,False,True,False,False,True
89,38,12,5,19,45,29.499911135385837,2,True,False,True,False,False,False,True
90,33,11,1,14,20,37.572176963229225,3,True,False,False,False,True,False,True
91,62,6,1,10,38,43.55144507598996,4,False,True,True,False,False,True,False
92,35,6,5,15,36,15.685046405099078,9,True,False,True,False,False,True,False
93,64,11,2,19,30,29.59605677190409,3,True,False,False,False,True,True,False
94,41,9,5,4,29,50.64016955945068,7,True,False,True,False,False,False,True
95,43,6,5,2,6,41.009894167414366,3,False,True,False,False,True,False,True
96,42,12,3,9,16,27.61622369665197,7,True,False,True,False,False,False,True
97,62,13,3,10,44,41.484939370807474,7,False,True,False,False,True,True,False
98,58,13,3,11,13,11.502232663985293,9,True,False,False,True,False,False,True
99,46,2,2,14,16,27.0823685810682,2,False,True,True,False,False,True,False
100,32,2,2,7,30,48.6220695879681,6,False,True,True,False,False,False,True
101,62,13,5,15,13,17.12798329251564,9,True,False,True,False,False,True,False
102,18,5,3,19,14,15.227882915657974,2,True,False,True,False,False,True,False
103,42,4,2,15,36,57.29502629540373,2,False,True,False,True,False,False,True
104,24,11,1,8,38,16.544369627242688,5,False,True,True,False,False,False,True
105,26,2,5,11,24,19.35052188075925,10,True,False,False,True,False,False,True
106,41,3,4,9,43,58.32887663973859,10,False,True,False,True,False,False,True
107,18,7,5,15,6,45.40897136457641,10,True,False,False,True,False,False,True
108,61,8,4,1,5,43.47780931629405,8,True,False,False,True,False,False,True
109,25,12,3,1,40,51.910951112001975,9,True,False,False,False,True,False,True
110,41,13,4,19,28,11.370269523023683,2,True,False,False,False,True,False,True
111,28,6,3,3,31,43.8275930119004,5,False,True,True,False,False,False,True
112,68,11,1,10,6,32.702873513053135,7,True,False,False,False,True,False,True
113,34,5,4,8,35,50.60328521562769,6,False,True,False,False,True,False,True
114,25,13,5,15,18,32.94779452658568,6,True,False,True,False,False,False,True
115,52,1,3,10,6,39.11327448479017,7,False,True,True,False,False,True,False
116,52,8,5,1,33,31.27581695197448,3,True,False,True,False,False,False,True
117,50,3,2,18,19,31.298740795571423,3,False,True,False,False,True,True,False
118,22,6,3,2,16,47.23834879340073,10,False,True,False,False,True,False,True
119,59,3,4,19,41,39.571152035600576,9,True,False,True,False,False,False,True
120,56,7,3,13,32,39.82947608851757,8,True,False,False,True,False,False,True
121,58,13,5,1,24,29.76553661073392,5,True,False,True,False,False,False,True
122,45,14,1,2,43,34.21102229856402,6,True,False,False,True,False,False,True
123,24,7,3,16,28,46.0144716412633,10,False,True,False,True,False,False,True
124,26,12,4,15,25,50.42675055115551,1,True,False,True,False,False,False,True
125,25,9,2,13,14,43.31087711792254,10,False,True,True,False,False,False,True
126,29,5,1,16,18,55.82401438651257,1,False,True,True,False,False,False,True
127,51,8,2,17,41,50.11782484809605,4,True,False,False,False,True,True,False
128,50,10,3,7,22,35.902508439523515,2,False,True,False,True,False,False,True
129,65,10,5,17,28,41.927333995405526,7,False,True,False,False,True,False,True
130,40,8,5,7,18,55.94695523066578,2,False,True,False,False,True,True,False
131,41,1,4,13,38,39.05424243336821,10,False,True,True,False,False,False,True
132,54,12,5,5,16,50.36438213889069,2,True,False,False,False,True,True,False
133,52,5,1,17,26,42.88457769744929,5,True,False,True,False,False,False,True
134,61,3,5,3,10,35.35649985832566,4,True,False,False,True,False,False,True
135,57,1,4,7,40,18.301100747844423,8,True,False,True,False,False,True,False
136,39,4,3,17,49,28.429863570763548,4,False,True,False,False,True,False,True
137,44,8,3,7,40,58.22585536585436,6,False,True,False,False,True,True,False
138,52,3,5,1,26,41.177096079993,5,True,False,True,False,False,False,True
139,18,10,2,17,18,36.04174591864443,2,True,False,True,False,False,False,True
140,52,2,3,17,20,56.3126144040525,8,True,False,False,False,True,True,False
141,54,11,5,11,40,37.25814795705968,2,False,True,False,True,False,False,True
142,64,9,4,3,29,33.93453851295716,9,True,False,False,True,False,True,False
143,31,10,5,15,36,46.76209703326129,9,True,False,True,False,False,False,True
144,20,5,3,11,37,44.19660904425994,3,True,False,False,True,False,False,True
145,18,14,4,16,49,15.6238004624638,4,False,True,False,False,True,False,True
146,22,7,5,9,40,30.921955101576664,8,False,True,True,False,False,True,False
147,43,11,1,1,24,30.988349355077187,9,False,True,False,False,True,False,True
148,31,11,4,16,22,25.80234833838396,3,False,True,False,False,True,False,True
149,56,2,1,9,42,33.45114151837392,5,False,True,False,True,False,True,False
150,44,9,2,19,7,27.72090687499293,8,False,True,True,False,False,True,False
151,26,13,4,12,27,15.964001920915072,3,False,True,True,False,False,False,True
152,32,9,1,19,36,27.680156800107454,7,False,True,False,True,False,False,True
153,32,4,3,9,49,8.975232116524712,8,True,False,False,False,True,False,True
154,43,4,3,7,20,36.66822245259264,10,True,False,False,False,True,False,True
155,59,6,2,14,9,51.95100019176115,3,False,True,False,False,True,False,True
156,30,10,4,19,8,44.89078963950054,2,False,True,False,False,True,False,True
157,68,10,4,19,25,24.82167220297612,10,True,False,True,False,False,False,True
158,49,10,4,2,44,9.78891630675195,7,False,True,True,False,False,True,False
159,56,6,2,9,18,16.11821695738989,9,False,True,False,True,False,True,False
160,66,12,4,13,43,35.00196872721597,1,False,True,False,True,False,False,True
161,69,1,3,15,35,16.388139586066806,3,True,False,True,False,False,False,True
162,49,14,1,3,18,34.91852112067321,5,True,False,True,False,False,False,True
163,21,14,3,11,10,17.73794636201444,3,True,False,False,False,True,False,True
164,47,9,3,14,16,51.690812821184,1,True,False,False,False,True,True,False
165,54,2,1,8,20,26.849931006225283,7,True,False,False,True,False,False,True
166,40,5,3,18,21,18.505284426947007,7,False,True,True,False,False,False,True
167,56,9,2,19,49,49.67793991358839,10,True,False,False,True,False,False,True
168,62,4,1,16,27,23.85614306429979,8,False,True,True,False,False,False,True
169,32,11,3,2,18,11.131822831133007,5,False,True,False,False,True,False,True
170,60,3,5,8,11,36.37252202720029,10,True,False,False,True,False,False,True
171,46,7,3,6,36,36.986031244089375,5,True,False,False,True,False,False,True
172,53,6,2,12,19,44.30826213796538,5,False,True,True,False,False,False,True
173,30,8,4,15,48,18.21206882646121,1,False,True,False,False,True,True,False
174,49,3,3,8,21,29.40742365007348,10,False,True,False,True,False,True,False
175,24,5,4,4,45,20.53023554734609,5,True,False,False,False,True,False,True
176,68,10,5,15,48,9.452455486362847,6,True,False,False,True,False,False,True
177,39,4,3,17,38,53.21376048587404,1,True,False,False,False,True,False,True
178,45,13,1,13,9,45.08783924685876,7,True,False,True,False,False,False,True
179,19,4,4,18,49,21.58046827023404,1,True,False,False,True,False,False,True
180,59,4,5,2,31,37.96551460795925,2,False,True,False,True,False,False,True
181,62,10,1,13,27,16.06950834739598,2,True,False,False,False,True,False,True
182,23,8,1,13,44,53.9630141987674,5,False,True,False,False,True,False,True
183,45,6,1,15,18,11.319848884905069,10,False,True,False,True,False,False,True
184,45,3,1,10,19,5.211043002929049,7,False,True,True,False,False,False,True
185,61,10,3,3,47,32.61045087565502,1,True,False,False,False,True,True,False
186,61,5,3,19,37,37.07203028990781,10,True,False,False,False,True,False,True
187,37,6,3,3,35,36.843092616269246,1,True,False,False,False,True,False,True
188,47,5,5,14,39,7.998156009080446,1,False,True,False,True,False,False,True
189,28,6,5,8,21,22.272409380513785,6,False,True,False,True,False,True,False
190,45,8,5,4,32,32.455942076273246,2,False,True,False,True,False,True,False
191,42,7,2,11,23,16.91185520949825,1,False,True,False,True,False,True,False
192,56,5,5,11,27,52.9944237017243,6,False,True,True,False,False,False,True
193,50,10,3,11,36,9.791010920378872,2,False,True,True,False,False,False,True
194,18,6,3,2,44,31.80614429196236,6,True,False,False,True,False,True,False
195,44,14,2,17,17,43.027883163223365,10,True,False,True,False,False,False,True
196,69,4,2,9,24,19.39631050739653,8,True,False,False,False,True,False,True
197,30,12,5,2,39,39.3332405348635,2,True,False,False,False,True,True,False
198,58,9,4,15,9,50.6161832578306,9,False,True,False,False,True,False,True
199,20,13,2,16,13,15.468533630227617,8,False,True,False,True,False,False,True
200,56,4,1,4,33,55.447132550367456,10,True,False,False,False,True,False,True
201,23,1,3,8,10,35.44571929642969,1,False,True,True,False,False,False,True
202,25,7,1,9,29,21.45776023655833,7,True,False,False,True,False,False,True
203,44,7,3,5,35,28.69720514602489,10,True,False,True,False,False,False,True
204,26,4,3,16,26,22.17055360825134,6,True,False,False,False,True,True,False
205,54,13,2,13,6,44.88111379633239,6,False,True,False,False,True,False,True
206,50,14,2,7,49,48.79653648783227,6,True,False,False,False,True,True,False
207,68,3,1,17,9,50.81155657752636,6,True,False,False,True,False,False,True
208,59,8,3,3,31,59.21725372721576,10,True,False,True,False,False,False,True
209,61,5,1,5,29,48.52063608731759,7,False,True,False,True,False,True,False
210,41,10,4,19,12,38.076123887870985,3,False,True,False,True,False,True,False
211,32,7,1,12,5,23.65711641154811,6,True,False,False,False,True,False,True
212,49,4,5,7,24,34.95274967909121,3,False,True,False,True,False,True,False
213,49,4,1,9,48,7.258749503472298,7,False,True,False,True,False,True,False
214,41,8,5,6,27,45.96537915414522,7,False,True,False,False,True,True,False
215,58,14,5,17,36,29.5275549800656,8,False,True,False,True,False,False,True
216,69,8,5,16,15,6.10127763527032,2,False,True,False,False,True,True,False
217,66,2,4,3,43,8.437881783072594,9,False,True,False,False,True,True,False
218,66,14,1,4,28,26.31065551019661,5,False,True,False,False,True,True,False
219,69,2,1,10,15,37.08818354601393,9,False,True,False,False,True,False,True
220,29,3,4,5,33,30.531217192366967,10,False,True,False,True,False,False,True
221,56,12,3,10,30,39.05623745106852,5,False,True,False,False,True,False,True
222,19,12,2,12,20,31.416184233524568,7,True,False,False,False,True,False,True
223,20,3,1,10,39,41.39371150147407,9,True,False,False,True,False,True,False
224,66,1,2,13,24,17.05193355689405,4,False,True,False,True,False,False,True
225,54,14,4,11,7,11.206375295099178,2,True,False,True,False,False,False,True
226,66,3,3,16,5,37.8038675044113,9,True,False,False,True,False,True,False
227,34,6,3,8,5,31.65792343149691,2,False,True,False,True,False,False,True
228,66,8,3,8,21,6.477720972471442,3,False,True,True,False,False,False,True
229,19,13,4,8,6,25.92650370211697,10,False,True,False,True,False,False,True
230,19,12,5,13,33,10.836907202004753,2,True,False,False,True,False,False,True
231,45,14,5,2,24,34.22462574639823,3,True,False,False,True,False,False,True
232,40,10,2,12,10,26.76777238132369,6,False,True,False,True,False,True,False
233,54,6,5,10,12,38.72335511066599,3,False,True,True,False,False,False,True
234,49,5,5,12,33,49.30812203236311,10,False,True,False,True,False,False,True
235,50,4,3,11,37,21.481777611281995,8,True,False,False,True,False,False,True
236,18,3,3,15,7,57.915615729076514,6,True,False,True,False,False,False,True
237,36,13,2,16,39,34.4598975323166,7,True,False,False,False,True,False,True
238,19,4,1,17,9,39.00599393151334,1,True,False,True,False,False,False,True
239,61,14,2,2,31,42.436980527415535,3,False,True,False,False,True,False,True
240,43,7,2,18,48,41.67023414216744,3,False,True,True,False,False,True,False
241,49,1,4,12,16,33.10339086747841,2,False,True,True,False,False,False,True
242,23,7,4,19,24,28.582036011307597,7,False,True,False,True,False,False,True
243,49,1,2,18,49,7.958008029755785,9,True,False,False,False,True,True,False
244,21,2,2,17,24,6.214721491564886,4,True,False,False,True,False,False,True
245,28,4,2,6,13,24.68786569930205,5,False,True,False,False,True,False,True
246,34,1,5,15,43,23.351348984853097,3,False,True,True,False,False,False,True
247,55,11,4,3,8,26.32323351614537,9,True,False,True,False,False,False,True
248,41,12,2,6,23,12.61025104885045,4,False,True,False,False,True,False,True
249,22,11,3,3,42,45.5992548795264,5,True,False,False,True,False,False,True
250,69,11,3,1,31,52.13304281269314,1,False,True,False,True,False,False,True
251,51,9,5,13,49,56.62930494557192,2,False,True,False,True,False,False,True
252,23,12,5,14,47,32.079926693579424,9,False,True,False,True,False,False,True
253,39,6,1,13,17,43.54761345189858,2,False,True,True,False,False,False,True
254,28,13,1,4,17,52.055311788972986,5,False,True,True,False,False,True,False
255,65,1,1,7,26,28.006011110141728,8,False,True,True,False,False,True,False
256,33,1,5,10,32,22.01770371787444,3,False,True,True,False,False,True,False
257,50,6,5,7,49,56.51985057194196,6,True,False,True,False,False,False,True
258,26,4,5,15,26,33.36221030923902,4,True,False,False,True,False,False,True
259,23,4,3,15,47,32.348963762498286,7,True,False,False,True,False,False,True
260,33,11,5,4,23,14.812885310992268,10,True,False,False,True,False,False,True
261,46,6,3,6,12,10.948525801534622,3,True,False,False,True,False,False,True
262,20,14,1,5,12,51.31587743659314,6,False,True,True,False,False,False,True
263,37,12,1,12,46,38.77732469031349,10,False,True,True,False,False,False,True
264,53,11,1,1,30,22.92035212106968,9,True,False,True,False,False,False,True
265,36,7,2,8,30,15.545491956464655,10,False,True,False,False,True,True,False
266,43,9,2,1,27,35.552350409329726,1,True,False,False,True,False,False,True
267,20,10,4,5,47,37.11556090936244,3,True,False,False,True,False,False,True
268,36,5,4,6,17,16.3846480684782,2,False,True,True,False,False,False,True
269,37,9,4,3,32,51.827316134031065,8,False,True,False,True,False,False,True
270,49,4,2,15,13,9.63454013857181,7,False,True,False,True,False,False,True
271,24,13,2,5,24,24.58511968415319,2,True,False,True,False,False,False,True
272,69,10,4,14,23,42.42114275693872,6,False,True,False,False,True,False,True
273,58,2,4,18,43,20.07662001005604,3,True,False,False,False,True,True,False
274,50,3,5,16,16,50.52213571296995,8,True,False,False,False,True,True,False
275,57,13,4,6,19,45.692730463022194,10,True,False,True,False,False,True,False
276,56,11,5,14,35,48.39625645014738,3,False,True,False,True,False,True,False
277,35,1,3,8,18,11.550859473219395,10,False,True,True,False,False,False,True
278,57,14,2,7,15,12.730092039754862,9,True,False,True,False,False,False,True
279,18,14,4,8,30,20.7560555759521,1,False,True,False,True,False,False,True
280,28,6,2,13,46,33.49424408586586,5,False,True,False,False,True,False,True
281,45,13,2,6,31,46.14088421846713,3,False,True,False,False,True,False,True
282,42,6,2,18,15,51.00919899184969,6,True,False,True,False,False,True,False
283,67,1,3,2,42,43.73844237764492,10,True,False,False,False,True,False,True
284,40,11,1,8,38,56.07282848418511,2,False,True,True,False,False,False,True
285,48,13,4,11,47,45.630893028876166,9,True,False,True,False,False,False,True
286,47,3,1,1,23,21.84473378525381,6,False,True,False,True,False,True,False
287,59,5,1,6,10,19.57947063862149,7,False,True,False,True,False,False,True
288,52,3,1,16,42,43.290584766559945,5,False,True,False,True,False,True,False
289,24,10,2,12,46,15.607881277928785,9,False,True,True,False,False,True,False
290,33,3,5,11,32,10.099314594564843,1,True,False,False,True,False,True,False
291,43,14,2,10,5,34.272258117090665,5,True,False,False,False,True,True,False
292,65,10,2,3,39,50.190286337842544,10,True,False,False,False,True,True,False
293,69,3,1,13,44,10.575891335842496,6,False,True,True,False,False,False,True
294,66,5,2,3,12,48.55402280876511,7,False,True,True,False,False,False,True
295,19,13,1,15,11,49.63646023933514,4,False,True,False,True,False,False,True
296,18,5,5,16,15,31.525070004484892,1,True,False,True,False,False,False,True
297,65,4,4,13,43,8.152067050576775,8,False,True,True,False,False,True,False
298,29,1,1,17,8,14.602441818595253,10,True,False,False,False,True,False,True
299,22,5,5,3,29,43.90844513390628,4,True,False,False,False,True,True,False
300,54,10,4,11,16,44.14778697450223,3,True,False,False,True,False,False,True
301,49,5,3,19,30,54.4095401342216,7,True,False,True,False,False,False,True
302,26,4,1,11,42,37.047738060502056,2,True,False,True,False,False,True,False
303,58,6,1,16,16,11.825905224257756,8,True,False,False,False,True,False,True
304,52,10,3,3,47,11.677819802773469,6,False,True,True,False,False,False,True
305,36,4,3,6,41,44.6622796546253,7,False,True,False,False,True,False,True
306,65,14,1,14,28,15.108156580934564,5,True,False,False,True,False,False,True
307,33,7,3,18,20,23.06120247891329,9,True,False,False,False,True,False,True
308,20,7,2,17,17,31.796660380705266,5,False,True,True,False,False,False,True
309,37,2,4,4,29,6.362068266688317,5,True,False,False,True,False,False,True
310,41,3,4,15,8,18.68504648609625,3,True,False,False,False,True,True,False
311,50,1,4,11,15,27.433928467900405,1,False,True,False,False,True,True,False
312,41,8,2,3,36,20.37999751712634,2,True,False,False,True,False,False,True
313,69,9,3,3,11,12.50036801071612,8,True,False,False,True,False,False,True
314,28,4,5,16,15,45.04067417879086,1,True,False,False,False,True,True,False
315,66,6,3,5,32,49.72312103423917,7,False,True,True,False,False,False,True
316,25,9,1,10,45,19.161343687904868,5,False,True,False,False,True,False,True
317,53,6,4,19,27,47.593072203346686,3,False,True,False,True,False,False,True
318,55,14,3,4,49,26.20544604207226,7,True,False,False,False,True,True,False
319,57,12,5,19,27,32.86771849697016,9,True,False,False,True,False,False,True
320,37,12,1,11,32,52.080059119123405,2,False,True,False,True,False,False,True
321,52,12,2,2,47,46.24745249913243,8,True,False,True,False,False,False,True
322,65,9,2,10,30,49.281426822389776,9,True,False,False,True,False,False,True
323,42,4,5,11,29,12.526484162249623,3,True,False,False,True,False,False,True
324,52,8,1,16,33,8.83456842085512,2,True,False,True,False,False,False,True
325,42,9,4,19,23,54.13726009983929,7,True,False,False,True,False,True,False
326,46,4,3,11,37,26.330884826410188,5,False,True,True,False,False,True,False
327,35,5,1,14,40,20.833382293832447,5,True,False,True,False,False,False,True
328,63,14,2,2,18,44.85829398440035,10,False,True,False,True,False,False,True
329,35,8,5,5,18,51.00285781189211,5,True,False,False,True,False,False,True
330,19,12,5,5,39,52.43692920440655,4,False,True,False,False,True,True,False
331,52,10,3,19,34,22.379842761887502,5,True,False,True,False,False,True,False
332,33,14,5,12,32,51.87168151609208,4,False,True,False,False,True,False,True
333,58,6,5,18,21,7.251366940588996,6,True,False,False,True,False,False,True
334,53,12,1,4,7,7.731382030284538,4,False,True,False,False,True,True,False
335,50,7,4,17,20,39.2935557345785,2,True,False,True,False,False,False,True
336,21,3,3,10,34,8.470850301355043,9,False,True,False,False,True,False,True
337,50,7,1,6,33,22.853504268058884,2,True,False,True,False,False,False,True
338,31,12,4,14,49,42.00157924358082,9,False,True,False,True,False,False,True
339,38,14,1,11,19,23.54967928298245,10,False,True,False,True,False,False,True
340,65,8,1,11,29,14.877987979205276,6,True,False,True,False,False,True,False
341,37,10,5,18,42,20.47428420196129,9,True,False,False,True,False,False,True
342,25,6,4,18,46,30.166643273773747,9,False,True,False,True,False,False,True
343,24,10,3,11,42,31.14622204455153,3,True,False,False,True,False,False,True
344,20,9,3,12,27,48.06501272409611,1,False,True,False,True,False,False,True
345,34,13,4,5,29,46.25842761873319,1,False,True,True,False,False,False,True
346,50,6,5,9,46,30.12497925058744,3,False,True,False,False,True,False,True
347,65,12,2,9,11,51.511704200432426,5,True,False,False,False,True,True,False
348,29,9,1,10,26,11.283042622526771,3,False,True,False,True,False,False,True
349,68,13,5,19,21,19.044434262589583,9,False,True,False,False,True,False,True
350,39,4,4,1,22,50.53870549262383,9,True,False,False,False,True,False,True
351,39,8,1,7,45,25.78967212443842,3,True,False,False,True,False,False,True
352,63,11,3,4,14,58.96498573366132,3,True,False,False,True,False,True,False
353,47,4,2,1,14,30.643930484030943,5,True,False,False,False,True,False,True
354,55,2,3,15,11,48.55645926300702,2,False,True,True,False,False,True,False
355,55,10,4,8,42,27.126887276030452,6,False,True,False,True,False,False,True
356,62,11,1,12,31,28.372443548433672,7,False,True,True,False,False,True,False
357,68,9,4,18,37,26.05857310063009,9,False,True,False,False,True,False,True
358,25,5,1,15,5,44.54915912809464,6,True,False,False,True,False,False,True
359,44,4,5,17,48,35.1134836232997,3,False,True,True,False,False,False,True
360,44,2,2,14,38,56.9077961252603,5,False,True,False,True,False,False,True
361,51,1,5,14,8,18.798967409375763,4,True,False,False,False,True,True,False
362,38,11,5,18,21,10.53095026458944,5,False,True,True,False,False,True,False
363,47,7,4,18,8,26.62938168045684,8,False,True,False,False,True,False,True
364,50,6,2,16,47,38.91919892057268,8,False,True,False,False,True,False,True
365,45,2,1,1,30,52.34394153035223,6,False,True,False,True,False,False,True
366,64,8,1,11,8,24.04082876741802,1,False,True,True,False,False,True,False
367,50,11,3,15,5,40.95827131184539,8,False,True,False,False,True,False,True
368,22,4,1,12,11,24.26092745627705,8,True,False,False,False,True,False,True
369,65,8,4,8,34,38.94707706469519,2,True,False,True,False,False,False,True
370,36,7,5,6,13,53.6644370866858,4,False,True,False,False,True,True,False
371,21,5,5,3,39,17.724670324267496,2,False,True,False,False,True,False,True
372,52,10,5,13,12,27.233290315887157,4,True,False,True,False,False,True,False
373,66,10,2,13,28,59.62958580363606,10,False,True,True,False,False,True,False
374,34,12,1,2,23,52.77063655372034,7,False,True,True,False,False,False,True
375,61,8,4,5,40,36.05519218429111,9,False,True,True,False,False,False,True
376,45,14,2,17,47,33.41451755198514,8,True,False,False,True,False,True,False
377,47,9,3,6,31,20.65302102675745,9,False,True,True,False,False,False,True
378,46,5,4,2,36,33.44651852314412,8,True,False,False,True,False,True,False
379,63,10,4,4,18,51.6499824053971,2,False,True,False,True,False,False,True
380,23,5,4,11,22,42.68459823027793,7,True,False,False,True,False,False,True
381,52,2,5,8,32,20.952421549789264,2,True,False,False,False,True,True,False
382,58,5,4,12,33,16.08051565794431,2,False,True,False,True,False,False,True
383,54,3,1,8,20,19.586469534825603,4,True,False,False,True,False,False,True
384,41,7,4,11,39,14.33675607660546,1,False,True,False,False,True,True,False
385,46,10,5,8,35,10.260238281304376,5,True,False,False,False,True,False,True
386,66,5,4,8,8,28.052489594313023,6,False,True,False,False,True,False,True
387,63,8,3,17,41,11.231478241904725,9,False,True,True,False,False,False,True
388,48,1,3,16,21,14.45519067499074,10,True,False,False,False,True,True,False
389,52,3,5,14,43,35.102857638671736,8,False,True,False,False,True,True,False
390,50,3,1,11,30,14.05296005347661,2,False,True,False,True,False,False,True
391,69,9,1,7,43,8.513387208699656,1,True,False,False,False,True,True,False
392,38,5,2,16,45,22.456386751533685,2,False,True,True,False,False,True,False
393,49,12,5,13,8,17.11755042420821,7,False,True,False,False,True,False,True
394,40,9,4,15,34,33.34178533969072,4,True,False,True,False,False,False,True
395,50,13,5,16,34,10.630189652076512,10,True,False,False,False,True,False,True
396,20,9,2,9,26,46.3473933225638,5,False,True,False,False,True,False,True
397,35,1,5,3,15,54.84284356893262,7,False,True,False,False,True,True,False
398,42,2,5,19,6,45.888934567590695,3,True,False,False,False,True,True,False
399,59,5,2,5,48,34.30548705707668,10,True,False,True,False,False,False,True
400,48,4,1,10,16,52.33673019838868,2,False,True,True,False,False,False,True
401,20,10,4,17,34,43.22051088798291,7,True,False,False,True,False,False,True
402,57,9,2,15,40,5.580311734760442,5,False,True,True,False,False,False,True
403,63,7,3,8,22,26.67495840259767,1,False,True,False,False,True,False,True
404,41,6,1,15,30,51.802354467374,1,False,True,False,True,False,False,True
405,67,7,3,14,11,24.02223718863981,9,False,True,False,True,False,False,True
406,49,1,1,7,5,6.936834543903792,5,False,True,False,True,False,False,True
407,64,1,4,12,30,46.039880120374974,1,True,False,False,False,True,True,False
408,39,8,4,17,27,49.11210486555777,7,True,False,True,False,False,False,True
409,40,13,5,17,30,13.832653227381972,9,True,False,False,False,True,False,True
410,19,13,3,10,49,34.55372732637497,1,True,False,False,True,False,False,True
411,44,2,1,19,10,15.557549144764916,10,False,True,False,False,True,False,True
412,59,12,4,14,10,44.55789304742808,4,False,True,False,False,True,False,True
413,19,10,2,11,48,19.93527503476171,3,False,True,True,False,False,False,True
414,43,11,4,2,12,22.391831740983157,5,False,True,True,False,False,True,False
415,34,9,2,18,28,51.473396950205576,7,True,False,False,True,False,False,True
416,57,7,1,7,26,31.197729371379737,8,False,True,False,False,True,True,False
417,50,6,4,12,23,41.83649481700363,2,False,True,False,False,True,True,False
418,26,1,4,2,41,27.13051778973572,7,True,False,True,False,False,True,False
419,60,1,1,18,22,21.390377145656547,1,True,False,False,False,True,False,True
420,65,2,4,6,35,39.40129332335638,7,True,False,False,False,True,True,False
421,56,6,2,10,41,13.517166574335173,8,True,False,False,False,True,False,True
422,46,14,4,15,34,25.514990956177463,2,False,True,True,False,False,False,True
423,59,6,3,5,46,16.497037056225725,9,False,True,False,True,False,True,False
424,43,2,5,3,37,43.268723181741,1,True,False,False,True,False,False,True
425,52,1,2,5,14,56.93148610903592,6,False,True,False,False,True,False,True
426,67,10,3,8,41,59.75310324087265,1,False,True,False,True,False,False,True
427,42,5,1,8,16,29.76522457428749,3,False,True,True,False,False,False,True
428,41,5,2,8,34,18.88917143000445,6,True,False,True,False,False,False,True
429,30,2,5,12,31,29.355615371137823,3,False,True,False,True,False,False,True
430,24,6,5,8,43,51.59981754794981,8,True,False,False,True,False,True,False
431,53,9,1,11,13,16.330312320362193,5,False,True,False,False,True,True,False
432,62,2,1,14,25,57.36526084091081,2,False,True,False,True,False,True,False
433,37,10,2,8,16,23.802617283898304,4,False,True,False,False,True,False,True
434,18,2,4,10,33,59.21920126976677,9,True,False,False,False,True,False,True
435,25,3,1,7,37,51.12348881436792,4,False,True,True,False,False,True,False
436,63,13,4,17,47,49.47137937810647,10,True,False,True,False,False,True,False
437,33,7,3,4,19,22.4847570575306,10,True,False,True,False,False,False,True
438,31,6,5,13,6,5.48274665713612,8,True,False,True,False,False,False,True
439,29,12,4,4,43,26.01730998542933,5,False,True,False,True,False,False,True
440,68,8,5,5,48,21.599515331448156,10,False,True,True,False,False,False,True
441,40,8,4,4,22,7.056834472483851,1,False,True,False,True,False,False,True
442,32,6,3,18,7,32.79508910782613,7,False,True,True,False,False,True,False
443,45,12,1,6,11,27.166722120550517,3,True,False,False,True,False,False,True
444,51,11,3,2,47,39.90060572578386,10,True,False,False,False,True,False,True
445,19,10,1,11,22,39.16524772067458,8,True,False,False,True,False,False,True
446,49,3,1,14,48,11.641064974317406,3,False,True,False,True,False,False,True
447,40,3,5,5,42,58.73310503696424,1,True,False,True,False,False,False,True
448,39,1,3,6,41,15.28122861927958,5,False,True,False,True,False,False,True
449,68,7,4,10,37,29.49007136205875,2,True,False,False,False,True,False,True
450,42,5,3,8,48,31.846464888855422,4,False,True,False,False,True,True,False
451,39,4,5,14,35,49.718453846776605,1,False,True,True,False,False,False,True
452,39,10,1,3,15,10.457627785205572,9,True,False,False,False,True,False,True
453,66,4,5,12,8,28.57543535646925,6,True,False,False,True,False,False,True
454,69,14,2,16,22,39.567619362991216,8,True,False,False,False,True,True,False
455,59,4,2,17,8,16.833559189323054,4,True,False,True,False,False,False,True
456,23,6,4,1,38,39.510734432134,9,False,True,False,True,False,True,False
457,32,8,5,10,33,55.801566065230894,2,True,False,True,False,False,False,True
458,60,8,4,10,28,59.86349721449712,9,True,False,False,True,False,True,False
459,54,5,4,2,26,6.784809223487164,5,True,False,False,False,True,True,False
460,50,6,2,9,6,17.957352553457262,6,False,True,True,False,False,False,True
461,25,4,4,13,48,22.06689136854336,3,False,True,True,False,False,False,True
462,61,12,2,16,10,26.951935524473136,4,True,False,False,True,False,False,True
463,61,14,1,18,46,18.324143667162208,6,False,True,True,False,False,True,False
464,22,11,5,19,29,16.19183970054219,7,True,False,False,True,False,False,True
465,56,13,4,12,25,57.5004613329625,1,False,True,False,True,False,False,True
466,21,9,2,8,20,55.51868815237848,7,False,True,False,True,False,True,False
467,23,8,3,17,35,7.584587555171461,1,False,True,False,True,False,True,False
468,62,10,4,15,18,23.634716188266648,5,False,True,False,False,True,False,True
469,49,12,1,10,43,27.283170452312365,6,True,False,False,True,False,False,True
470,69,10,1,15,32,18.145799406626885,2,True,False,True,False,False,False,True
471,47,1,3,15,36,39.58800933434965,10,True,False,False,False,True,False,True
472,64,2,2,7,32,40.22094106543326,9,False,True,True,False,False,False,True
473,52,9,4,13,13,51.77773255807284,10,True,False,False,False,True,False,True
474,57,8,2,17,49,45.74780976118698,6,True,False,False,True,False,False,True
475,69,14,1,9,26,34.84153298312756,7,True,False,False,False,True,True,False
476,33,3,2,8,36,40.94727235244309,10,False,True,False,False,True,False,True
477,30,8,1,18,9,20.069382984866,8,False,True,True,False,False,False,True
478,67,12,2,13,27,37.61809044820467,10,False,True,True,False,False,False,True
479,59,1,3,16,9,31.90749901124556,1,True,False,False,True,False,False,True
480,47,10,5,9,46,12.33394570240037,8,True,False,False,False,True,False,True
481,36,4,3,12,36,18.339935212063388,4,True,False,False,False,True,False,True
482,34,3,3,12,14,21.04313978968723,10,False,True,False,False,True,True,False
483,36,6,5,6,43,55.837026187890686,8,False,True,False,True,False,False,True
484,45,7,5,19,19,17.671265166223918,6,True,False,False,True,False,False,True
485,43,4,4,7,11,20.90841465508175,9,False,True,False,True,False,True,False
486,54,7,4,3,33,25.314477154918777,4,False,True,False,True,False,False,True
487,43,9,3,16,7,41.50585062439629,2,False,True,False,True,False,True,False
488,40,11,3,18,23,11.503111585967728,2,False,True,True,False,False,False,True
489,26,2,1,16,14,57.466986687157686,5,True,False,False,False,True,True,False
490,29,11,1,7,32,52.606417105212046,10,False,True,False,False,True,False,True
491,18,3,4,4,33,36.746884015492256,9,False,True,False,False,True,True,False
492,18,5,4,8,19,42.07208270837262,3,False,True,False,False,True,True,False
493,64,3,1,13,39,5.91632591843188,8,False,True,False,False,True,False,True
494,51,11,1,13,10,23.64196264416468,4,True,False,False,False,True,False,True
495,49,8,2,17,16,48.761312686379306,6,True,False,False,False,True,True,False
496,65,12,2,17,42,9.261563558581225,10,False,True,False,False,True,False,True
497,42,10,1,5,17,20.52726088158961,6,False,True,True,False,False,False,True
498,57,8,2,6,33,37.19132555838712,3,False,True,False,False,True,False,True
499,62,8,5,19,23,19.1027165234418,5,False,True,True,False,False,True,False
500,18,12,4,13,7,56.36878857794856,3,False,True,False,True,False,False,True
501,33,12,4,14,12,12.20822469423597,1,False,True,False,False,True,False,True
502,56,9,1,4,12,48.85668968492782,7,True,False,False,True,False,False,True
503,22,4,3,7,24,32.93717805485245,4,False,True,False,True,False,True,False
504,39,5,1,8,8,46.26819267009758,7,True,False,False,True,False,True,False
505,46,5,2,13,25,22.08934305712961,3,True,False,True,False,False,True,False
506,20,8,3,6,7,33.29692812716213,5,False,True,False,True,False,False,True
507,29,7,2,6,49,52.1259442347747,5,True,False,False,True,False,True,False
508,43,9,5,3,12,30.678295451770744,2,True,False,False,True,False,False,True
509,33,14,2,3,27,24.784592405064828,10,True,False,False,False,True,False,True
510,68,8,5,13,20,34.48854624390049,2,True,False,False,False,True,False,True
511,54,2,5,2,17,44.45495141700018,4,True,False,True,False,False,False,True
512,39,10,2,16,7,29.39598400241765,4,True,False,True,False,False,True,False
513,46,12,2,6,13,56.63823363282501,4,False,True,False,False,True,False,True
514,31,4,5,8,18,21.222020322328813,6,True,False,True,False,False,False,True
515,45,6,3,8,17,31.150498339301624,2,True,False,False,False,True,True,False
516,22,12,5,6,11,46.63102126377928,6,True,False,False,True,False,True,False
517,64,2,4,14,19,42.9016599772667,7,False,True,False,True,False,False,True
518,66,7,5,3,11,52.50025788294359,10,True,False,True,False,False,False,True
519,47,3,3,10,42,59.82450493746099,3,False,True,False,False,True,True,False
520,63,13,4,3,38,28.477208083729927,8,True,False,False,False,True,False,True
521,69,3,1,12,45,11.113298388082152,2,False,True,True,False,False,False,True
522,22,11,1,17,26,6.672873444438238,8,False,True,False,False,True,False,True
523,29,2,3,5,28,44.97822983768744,5,True,False,False,True,False,False,True
524,33,11,5,9,41,53.07075192197936,2,True,False,True,False,False,True,False
525,43,8,2,7,48,17.139192226943027,7,False,True,True,False,False,False,True
526,43,6,3,4,5,13.714642045444828,2,True,False,False,False,True,False,True
527,65,1,4,13,14,8.421280033913003,6,False,True,True,False,False,False,True
528,38,12,4,13,47,50.24866069444635,10,False,True,False,False,True,False,True
529,56,1,1,10,20,22.126006694092137,3,False,True,False,False,True,False,True
530,53,7,4,18,12,27.093329101787702,9,False,True,False,False,True,False,True
531,50,8,3,17,29,32.651260538528675,3,False,True,False,False,True,False,True
532,47,5,4,13,16,51.16992788152529,3,True,False,False,False,True,False,True
533,54,12,3,17,29,40.79582718588167,5,False,True,True,False,False,False,True
534,40,11,2,4,21,38.82855464217962,7,False,True,False,True,False,False,True
535,27,5,1,1,30,14.661965497575087,8,True,False,False,True,False,False,True
536,22,4,4,1,18,33.22544404404064,7,False,True,True,False,False,False,True
537,53,14,3,15,45,44.34595594482604,9,True,False,True,False,False,True,False
538,51,6,5,13,40,58.52934856667704,5,True,False,False,True,False,False,True
539,69,14,1,17,27,16.07734700673437,10,True,False,False,True,False,False,True
540,48,6,2,8,47,5.524884418697465,3,False,True,False,True,False,False,True
541,27,3,3,18,10,9.141578847915836,6,False,True,False,True,False,True,False
542,36,9,2,13,9,25.67188558500886,5,False,True,False,True,False,False,True
543,49,12,2,14,47,50.12995562602929,4,True,False,False,False,True,True,False
544,18,11,4,8,29,5.392814497253477,2,False,True,True,False,False,False,True
545,22,14,4,8,22,30.120182608721212,7,True,False,False,False,True,True,False
546,62,7,3,15,17,23.107683843776694,5,False,True,False,True,False,True,False
547,21,1,5,13,47,7.886494055485016,4,True,False,False,True,False,False,True
548,33,13,3,7,18,29.76299576699395,8,False,True,False,True,False,False,True
549,41,7,5,5,32,19.011178903519536,9,False,True,False,False,True,False,True
550,33,5,2,17,22,24.35366588908536,9,False,True,False,False,True,False,True
551,19,5,1,16,32,43.80884176313612,3,True,False,False,True,False,False,True
552,66,14,3,2,31,33.68530411510319,3,True,False,False,False,True,False,True
553,45,13,3,18,36,11.855608594604734,5,False,True,False,False,True,False,True
554,49,2,5,17,13,57.87779972330015,5,False,True,False,True,False,False,True
555,44,4,2,7,44,39.97509211403561,10,True,False,False,False,True,False,True
556,37,12,2,13,36,47.12276341143924,2,True,False,True,False,False,False,True
557,41,6,5,18,24,9.356723250460394,1,True,False,True,False,False,False,True
558,29,10,2,14,32,7.588210870301039,8,False,True,True,False,False,True,False
559,67,11,4,18,37,6.069642770244465,3,True,False,True,False,False,False,True
560,52,7,1,13,8,15.383671527539445,1,False,True,False,True,False,True,False
561,50,11,3,11,38,27.792461874517237,1,True,False,False,True,False,False,True
562,50,5,1,16,7,56.47043733715525,2,False,True,False,True,False,False,True
563,68,9,3,17,30,30.138281259617692,6,True,False,True,False,False,False,True
564,60,3,4,8,12,20.96403079548912,6,True,False,True,False,False,False,True
565,54,1,2,19,10,35.906438943581485,3,True,False,False,False,True,True,False
566,29,4,5,15,20,11.156401797413409,4,True,False,False,False,True,False,True
567,20,9,4,9,28,38.52282400527408,2,True,False,True,False,False,False,True
568,18,4,1,10,43,36.26375748817768,2,False,True,True,False,False,True,False
569,50,2,5,12,34,48.55961683731403,7,True,False,True,False,False,False,True
570,57,10,2,1,49,59.267818638936326,1,True,False,True,False,False,True,False
571,27,14,4,9,17,18.79804094438608,7,True,False,False,False,True,True,False
572,60,14,5,15,9,33.03110479420684,1,False,True,True,False,False,False,True
573,61,5,4,1,29,54.9875973475452,6,True,False,False,False,True,False,True
574,46,3,4,12,24,48.18544364325627,3,False,True,True,False,False,False,True
575,30,13,2,3,22,31.807346670544412,8,True,False,True,False,False,False,True
576,29,12,3,11,22,56.99544072881278,6,True,False,True,False,False,False,True
577,48,13,5,2,6,8.148018143424515,2,False,True,False,False,True,True,False
578,63,9,2,16,14,56.20492408419212,8,True,False,False,False,True,True,False
579,19,4,4,9,49,7.77790658105436,5,False,True,False,True,False,False,True
580,68,6,2,15,16,35.101760926307634,8,False,True,True,False,False,False,True
581,67,2,3,12,17,53.97425214005972,8,True,False,False,True,False,False,True
582,52,6,5,1,15,19.449651895871654,6,False,True,False,True,False,False,True
583,40,3,3,13,23,30.97366744198372,2,True,False,False,False,True,True,False
584,34,12,1,14,39,22.838088352533163,8,True,False,False,False,True,False,True
585,43,12,5,8,43,57.36791543919932,6,False,True,False,True,False,False,True
586,25,9,3,8,30,50.30050771142,6,False,True,True,False,False,False,True
587,46,11,4,12,18,43.99508312295088,8,False,True,False,False,True,True,False
588,43,2,5,1,49,37.31948426383098,1,False,True,True,False,False,False,True
589,27,12,5,11,48,50.13254841282814,2,True,False,True,False,False,True,False
590,43,12,2,8,28,26.57468728379509,9,True,False,False,True,False,False,True
591,51,9,4,10,45,29.615352030833403,8,False,True,False,True,False,True,False
592,68,5,1,19,5,45.15009465944738,7,True,False,False,True,False,False,True
593,58,8,3,11,47,24.676511981154285,7,True,False,False,True,False,False,True
594,24,2,2,7,26,8.51455181266056,5,True,False,False,False,True,True,False
595,21,6,3,11,27,9.088403488733931,2,True,False,False,False,True,False,True
596,67,3,1,17,23,11.344954071813714,6,False,True,False,True,False,False,True
597,62,12,1,1,22,52.83247278390145,10,False,True,False,False,True,False,True
598,28,12,5,8,16,30.97245341659124,3,True,False,False,True,False,True,False
599,46,14,1,6,32,44.20853031396051,4,False,True,True,False,False,True,False
600,53,10,3,18,32,26.61001345826913,10,False,True,True,False,False,False,True
601,42,5,4,6,37,19.229102107859894,2,False,True,True,False,False,False,True
602,38,12,4,5,23,24.095569215921657,2,True,False,False,True,False,True,False
603,53,8,5,13,32,48.680028992445095,8,True,False,True,False,False,False,True
604,27,10,3,19,41,39.3868868767291,8,True,False,False,False,True,True,False
605,54,14,3,8,30,56.57018789768461,10,False,True,True,False,False,False,True
606,26,1,1,9,39,42.38376282172587,6,True,False,True,False,False,True,False
607,41,5,3,17,38,36.35998974650816,5,True,False,True,False,False,True,False
608,52,3,2,3,39,38.56078049422089,8,False,True,False,False,True,True,False
609,66,4,1,19,44,56.830429170762805,4,True,False,False,True,False,False,True
610,52,2,2,11,20,48.35105114266884,4,True,False,False,False,True,False,True
611,65,9,5,17,42,6.32226805515408,5,False,True,False,True,False,False,True
612,53,3,4,19,17,34.37768328746335,1,False,True,False,True,False,False,True
613,35,2,5,2,27,42.85861263506106,1,False,True,True,False,False,False,True
614,66,10,4,8,26,46.17841631415353,2,True,False,False,True,False,False,True
615,56,11,5,19,20,16.722816562266516,8,True,False,False,False,True,True,False
616,49,9,3,7,32,52.69475449482437,7,True,False,False,False,True,False,True
617,41,7,2,17,39,57.571373094634005,10,False,True,False,True,False,False,True
618,40,6,4,6,49,18.01934182146784,9,False,True,True,False,False,False,True
619,49,1,1,19,12,53.54385016344852,5,True,False,True,False,False,False,True
620,54,5,2,6,48,10.333831938385243,2,True,False,False,False,True,False,True
621,29,12,1,2,26,8.063875986338484,7,False,True,True,False,False,False,True
622,66,11,2,6,25,12.107309005651215,8,False,True,False,True,False,True,False
623,30,14,2,5,30,8.175759370686979,7,False,True,False,True,False,False,True
624,40,11,5,19,44,51.47567304356768,7,False,True,False,False,True,False,True
625,42,3,4,4,25,8.247757945204956,5,True,False,False,True,False,False,True
626,52,1,4,17,29,19.941530525001053,2,False,True,False,False,True,True,False
627,58,4,2,11,45,10.7065988944721,6,True,False,False,True,False,False,True
628,47,13,3,4,5,21.248211997257076,4,True,False,False,False,True,True,False
629,34,2,3,13,10,9.980770718050628,10,True,False,True,False,False,False,True
630,66,2,1,17,27,41.74017879086577,2,False,True,False,True,False,True,False
631,37,3,1,9,27,12.332974898841634,9,False,True,False,True,False,False,True
632,65,8,5,4,47,51.85152592113883,7,False,True,False,False,True,False,True
633,42,8,2,14,47,49.945507789965255,6,False,True,False,False,True,False,True
634,39,12,1,19,27,5.751392700883518,5,True,False,False,True,False,False,True
635,30,7,1,3,36,54.264949553331306,3,False,True,False,False,True,False,True
636,36,6,2,14,34,6.591937420885188,10,False,True,False,True,False,True,False
637,66,9,5,8,17,18.18051817266561,10,True,False,True,False,False,False,True
638,53,4,1,1,47,6.781402577679728,4,False,True,False,False,True,True,False
639,29,12,5,10,22,23.47139178716238,3,True,False,False,True,False,True,False
640,58,1,4,18,27,33.26265891422994,8,True,False,True,False,False,False,True
641,36,8,5,16,19,48.8154677958326,3,True,False,True,False,False,True,False
642,29,7,3,8,37,23.588985275840987,7,True,False,False,True,False,False,True
643,26,7,3,1,25,43.80195135702142,7,True,False,False,False,True,False,True
644,24,3,5,12,43,15.31274514154392,7,True,False,False,True,False,True,False
645,45,4,3,8,27,46.28291512092695,7,True,False,True,False,False,False,True
646,31,10,4,16,31,17.979813325008067,2,True,False,False,True,False,False,True
647,48,9,2,18,49,12.894961576907235,10,False,True,False,False,True,False,True
648,69,6,3,4,48,15.197486770572986,3,False,True,True,False,False,False,True
649,36,5,3,6,22,15.013472088502049,10,False,True,False,True,False,True,False
650,64,3,5,12,28,33.20745836573451,9,False,True,False,False,True,False,True
651,33,9,4,9,44,51.46386696534803,3,True,False,True,False,False,False,True
652,22,5,2,15,46,9.37827923458781,2,False,True,False,False,True,False,True
653,52,5,5,16,11,43.88259751713824,9,True,False,True,False,False,False,True
654,29,14,5,12,24,40.98905528090717,10,False,True,False,True,False,False,True
655,42,4,4,14,31,52.98859735061493,9,False,True,False,False,True,False,True
656,69,14,2,13,10,18.4281158278799,4,False,True,True,False,False,False,True
657,38,4,4,2,31,29.75604222767663,9,True,False,False,False,True,False,True
658,53,12,2,3,13,55.920505594393454,3,False,True,False,False,True,True,False
659,40,1,4,10,49,41.29963975744244,7,True,False,False,True,False,False,True
660,33,7,5,9,35,26.38226270738783,7,True,False,False,False,True,True,False
661,56,9,5,8,25,12.227681057039764,8,False,True,True,False,False,True,False
662,62,3,1,10,30,19.436675434532507,10,False,True,True,False,False,True,False
663,59,12,3,19,44,36.96685126191608,4,False,True,True,False,False,True,False
664,56,13,4,3,49,44.49923711582826,3,True,False,True,False,False,False,True
665,31,2,1,5,17,11.843203776854144,3,False,True,False,True,False,False,True
666,48,3,3,3,27,37.97784930242297,5,True,False,False,False,True,False,True
667,22,1,4,16,24,35.2693203361313,1,True,False,False,True,False,False,True
668,52,6,2,17,41,33.26754956798894,10,False,True,False,False,True,True,False
669,40,11,3,15,32,42.95677147251044,3,False,True,False,False,True,False,True
670,46,11,5,3,21,51.0597277295904,6,True,False,False,False,True,True,False
671,60,7,1,12,32,22.76443257472776,3,True,False,False,True,False,False,True
672,28,11,3,9,45,53.89567045610277,5,True,False,False,False,True,True,False
673,35,11,3,12,6,13.834848694020287,9,False,True,False,True,False,False,True
674,64,2,5,15,29,14.51631283631404,2,True,False,True,False,False,False,True
675,29,8,4,2,45,19.672463499315818,2,False,True,True,False,False,False,True
676,26,14,2,18,10,11.57419782508928,6,True,False,False,False,True,True,False
677,27,6,5,12,15,17.667557357558266,6,True,False,False,True,False,False,True
678,61,14,2,4,42,10.852646959656454,8,False,True,True,False,False,True,False
679,34,4,4,16,10,50.19638293419647,2,True,False,False,True,False,True,False
680,55,5,3,16,49,12.643294553764353,9,False,True,False,True,False,True,False
681,24,8,2,1,15,46.10136566579212,2,False,True,False,False,True,False,True
682,63,14,1,2,18,7.635262735233356,1,True,False,True,False,False,True,False
683,30,3,1,3,6,57.16861801326533,10,False,True,False,False,True,True,False
684,57,3,5,17,44,44.11380481402714,2,False,True,False,False,True,False,True
685,59,14,4,1,7,5.373810172236148,7,True,False,True,False,False,False,True
686,26,14,5,6,39,47.01210751101177,8,False,True,True,False,False,False,True
687,67,11,5,15,37,33.27450564214019,5,False,True,False,True,False,False,True
688,44,4,5,14,28,47.86508436843159,6,False,True,True,False,False,False,True
689,19,1,1,15,23,33.73732448898237,1,True,False,False,True,False,True,False
690,22,9,1,14,22,40.2563671699445,6,False,True,False,True,False,False,True
691,46,8,5,5,28,48.24824104672722,8,True,False,False,True,False,False,True
692,54,8,1,6,49,27.28094300233212,3,True,False,True,False,False,True,False
693,55,14,4,17,39,5.148948240124865,1,False,True,False,False,True,False,True
694,36,10,5,11,5,51.747057276985366,4,False,True,False,True,False,True,False
695,25,6,1,16,40,25.94896994435644,1,False,True,False,False,True,False,True
696,65,7,2,12,29,32.28234993091207,8,True,False,False,False,True,False,True
697,62,6,5,15,49,5.42716531846828,5,False,True,True,False,False,False,True
698,18,9,5,4,47,32.065060569255394,1,False,True,False,False,True,False,True
699,39,3,4,18,38,59.25680708644512,8,False,True,False,False,True,False,True
700,69,14,3,3,29,20.30472134503233,9,False,True,True,False,False,True,False
701,34,3,3,8,20,26.748004863330795,10,False,True,False,True,False,False,True
702,24,3,4,3,38,42.79544980577722,2,True,False,False,False,True,True,False
703,42,10,4,8,33,49.81365171380123,9,True,False,True,False,False,False,True
704,62,3,4,18,23,27.95653932033552,8,False,True,False,False,True,False,True
705,21,9,3,10,27,22.03178787207109,7,False,True,False,False,True,False,True
706,53,12,4,17,23,56.58041899917869,3,False,True,False,True,False,False,True
707,23,4,1,8,29,42.24297316694181,2,False,True,False,False,True,True,False
708,48,13,5,11,20,11.54617174712276,7,True,False,True,False,False,True,False
709,36,7,5,5,13,8.791033297405674,5,False,True,False,False,True,True,False
710,61,14,2,13,5,31.595241793470297,6,True,False,False,True,False,False,True
711,56,9,2,5,46,17.104953632599983,4,True,False,False,True,False,False,True
712,44,11,5,13,23,18.96916143569394,2,False,True,True,False,False,False,True
713,27,12,1,6,37,53.27306983553165,9,True,False,False,True,False,True,False
714,43,7,3,5,38,9.926131337397088,3,True,False,False,False,True,False,True
715,36,9,3,9,20,44.34502633758893,7,True,False,False,True,False,False,True
716,56,12,1,16,48,19.912823935932344,8,True,False,True,False,False,False,True
717,20,3,3,2,44,46.81805217722757,2,False,True,False,True,False,False,True
718,62,4,4,1,22,44.73262614549496,6,False,True,False,True,False,False,True
719,30,14,5,8,38,5.406554579436117,8,True,False,False,True,False,False,True
720,67,8,5,19,29,33.00244771068795,7,False,True,True,False,False,True,False
721,45,6,1,11,49,12.662571530792553,3,False,True,False,True,False,True,False
722,37,5,3,12,10,52.64248668182722,1,False,True,False,True,False,False,True
723,45,13,2,12,25,52.93722355743236,6,False,True,False,False,True,False,True
724,25,4,2,7,10,28.009019412156693,8,False,True,True,False,False,False,True
725,58,8,3,13,36,29.44175901480943,6,True,False,False,True,False,True,False
726,56,1,2,8,45,21.68056166724899,5,False,True,True,False,False,True,False
727,18,14,1,9,47,44.4133464428017,8,False,True,False,True,False,True,False
728,20,9,1,7,43,24.726374966455253,2,False,True,False,True,False,True,False
729,30,1,3,15,35,19.728586098744856,1,False,True,False,True,False,False,True
730,45,8,2,2,46,28.772708272747952,1,True,False,False,False,True,True,False
731,66,4,1,12,14,10.03181351131023,4,True,False,False,False,True,False,True
732,42,9,1,1,34,46.06317625543121,6,True,False,False,False,True,False,True
733,50,14,4,8,22,5.692802069948283,9,True,False,True,False,False,True,False
734,55,11,4,5,28,40.446678383632666,1,False,True,True,False,False,False,True
735,23,5,1,15,13,15.057548971517985,1,True,False,False,False,True,False,True
736,61,3,3,1,35,17.78222254179272,5,False,True,True,False,False,False,True
737,62,9,5,1,19,39.9597599252022,10,False,True,False,True,False,False,True
738,49,11,5,10,8,59.611890618059896,5,False,True,False,True,False,True,False
739,62,14,1,10,44,47.77446189899029,5,False,True,False,True,False,False,True
740,64,14,1,15,13,17.421179772286557,10,False,True,False,False,True,False,True
741,38,9,1,17,49,14.68136152726236,6,True,False,True,False,False,False,True
742,33,4,3,6,13,52.642807864721874,8,True,False,False,False,True,False,True
743,38,11,4,3,30,29.430117135682732,3,True,False,True,False,False,False,True
744,28,4,1,13,8,12.53790415554855,9,True,False,False,True,False,False,True
745,54,12,1,16,21,52.4216282827066,1,False,True,False,False,True,False,True
746,53,8,2,8,20,49.885079410284376,4,True,False,True,False,False,True,False
747,52,2,3,15,19,59.11485001434399,9,False,True,True,False,False,True,False
748,36,9,1,17,39,55.03590276919761,8,True,False,False,True,False,False,True
749,37,13,2,17,9,51.84846862632979,10,False,True,False,False,True,False,True
750,35,14,5,13,9,7.891591879605173,9,False,True,False,False,True,False,True
751,64,6,1,17,24,10.74284532239649,1,True,False,False,False,True,True,False
752,58,9,1,6,19,36.29407568672676,9,False,True,False,True,False,False,True
753,66,8,2,17,22,34.23135854550014,3,False,True,False,False,True,True,False
754,31,7,3,16,6,30.187976796924453,10,True,False,False,True,False,True,False
755,32,13,1,14,33,26.82341289780213,9,False,True,False,True,False,True,False
756,48,14,5,13,17,28.71657666753809,1,True,False,False,True,False,True,False
757,18,1,1,6,8,36.31138637741374,1,True,False,True,False,False,False,True
758,20,14,5,3,46,5.114208468004467,9,True,False,False,False,True,False,True
759,33,12,4,14,49,19.338982577306872,6,False,True,False,False,True,True,False
760,40,3,4,14,14,33.50538463787911,4,False,True,False,True,False,False,True
761,28,11,5,15,35,44.72188542705055,7,False,True,False,True,False,False,True
762,29,14,3,8,45,14.578618081746798,5,True,False,False,False,True,False,True
763,27,2,1,15,12,35.07846455830881,10,False,True,False,True,False,False,True
764,49,5,1,13,7,44.295282613718,7,True,False,False,False,True,True,False
765,33,5,4,17,13,29.45452118526476,8,True,False,True,False,False,False,True
766,25,5,5,3,34,6.489462351852808,8,False,True,False,True,False,False,True
767,55,4,1,6,15,29.70974871561002,1,True,False,False,False,True,True,False
768,29,5,1,5,39,21.30446882592842,8,False,True,False,True,False,True,False
769,41,3,3,17,41,56.13072842357306,6,False,True,False,False,True,False,True
770,45,12,2,2,46,11.853736212308004,4,False,True,False,False,True,False,True
771,25,1,4,15,17,40.88617755289777,8,False,True,False,True,False,False,True
772,45,5,4,5,40,7.899587148397563,3,False,True,True,False,False,False,True
773,53,13,2,6,17,29.53937407969831,4,True,False,False,False,True,False,True
774,43,9,1,6,16,35.468871797104434,6,True,False,False,False,True,False,True
775,25,13,3,18,41,21.3875212224276,7,True,False,False,False,True,True,False
776,67,9,3,18,14,30.029159953621143,4,False,True,True,False,False,False,True
777,45,4,4,4,13,13.995458699160306,4,False,True,True,False,False,False,True
778,45,3,3,17,11,21.72681172074199,7,False,True,False,True,False,False,True
779,54,1,2,14,6,39.16084787006117,6,True,False,True,False,False,False,True
780,58,2,1,14,27,21.59900307236353,8,False,True,False,True,False,True,False
781,53,8,2,13,43,54.48586931248794,1,True,False,False,True,False,False,True
782,44,1,5,7,44,39.56238267025444,10,True,False,True,False,False,False,True
783,34,8,4,12,43,29.125696013979145,7,False,True,False,True,False,False,True
784,26,13,3,15,25,7.131631455480036,7,False,True,True,False,False,True,False
785,50,7,5,19,27,32.47515843625692,7,True,False,False,True,False,False,True
786,37,8,3,11,33,47.06269331687991,7,False,True,True,False,False,False,True
787,30,12,1,15,18,19.60566789068275,10,True,False,True,False,False,False,True
788,45,6,1,12,30,49.372546330682205,10,False,True,False,True,False,True,False
789,65,12,1,3,9,18.84937213279848,8,False,True,False,False,True,False,True
790,46,14,3,17,35,50.30605133729402,9,True,False,False,True,False,False,True
791,30,9,5,3,29,9.689758788642257,9,False,True,True,False,False,False,True
792,63,3,1,19,35,52.64010398779662,2,True,False,False,False,True,False,True
793,52,10,5,4,24,32.455254801333176,7,False,True,False,True,False,True,False
794,23,4,3,3,48,21.30956742911441,7,True,False,False,True,False,True,False
795,35,13,5,16,21,19.58122877283318,4,True,False,False,True,False,False,True
796,68,6,3,12,49,28.760580741169942,9,False,True,False,False,True,False,True
797,22,8,3,8,6,59.94772239570048,8,True,False,True,False,False,False,True
798,64,5,4,17,29,17.11800663906704,1,False,True,False,True,False,False,True
799,42,3,3,7,17,10.67691568834498,2,False,True,False,True,False,False,True
800,19,6,3,11,43,37.17693427952641,2,False,True,False,True,False,False,True
801,27,4,2,18,32,31.869835654214143,8,True,False,False,True,False,False,True
802,47,9,1,1,46,33.830794908481906,1,True,False,False,True,False,False,True
803,67,13,4,3,10,41.68144796564694,4,False,True,True,False,False,True,False
804,62,3,4,4,7,19.692923842885712,10,False,True,True,False,False,True,False
805,22,4,4,13,39,55.08657474611387,5,True,False,False,True,False,True,False
806,50,7,2,6,22,28.96196363672597,9,False,True,False,False,True,False,True
807,18,7,3,14,15,12.099740732835398,7,False,True,True,False,False,True,False
808,35,12,1,5,24,45.82643162036694,8,True,False,False,False,True,False,True
809,49,12,5,16,9,40.370739393981765,9,False,True,True,False,False,False,True
810,64,4,3,15,23,22.36588713662204,7,True,False,False,True,False,True,False
811,66,6,2,15,26,39.18352982187267,5,False,True,True,False,False,False,True
812,28,12,3,4,23,17.092407600293726,5,True,False,False,True,False,False,True
813,38,13,3,8,20,29.466164763729125,10,False,True,True,False,False,False,True
814,43,3,2,16,28,54.46768871920289,6,False,True,False,True,False,False,True
815,42,6,4,16,45,12.34438282384122,5,True,False,False,True,False,False,True
816,39,12,4,4,8,26.26830474931041,9,False,True,False,True,False,False,True
817,44,2,1,13,19,50.1628333596191,3,True,False,False,True,False,True,False
818,66,8,1,13,29,58.3219994673398,3,False,True,False,False,True,False,True
819,30,2,4,2,48,29.965937503198774,7,True,False,False,True,False,False,True
820,50,11,5,3,39,32.88497910788411,7,True,False,False,False,True,False,True
821,51,7,3,8,18,36.469457898107336,6,True,False,False,False,True,False,True
822,58,9,5,15,23,56.27914778985409,3,True,False,False,True,False,True,False
823,52,1,3,11,42,52.20137350373664,7,False,True,False,False,True,False,True
824,18,8,4,9,40,14.38306185419044,5,False,True,True,False,False,False,True
825,38,7,1,7,11,29.021679981589127,7,True,False,False,True,False,False,True
826,65,6,1,13,34,30.520023550803444,2,True,False,False,False,True,True,False
827,23,6,5,2,23,48.400286140681615,6,True,False,False,True,False,True,False
828,45,6,1,8,29,38.15910854329894,8,False,True,False,True,False,False,True
829,34,9,4,7,20,40.98212541159571,1,False,True,False,True,False,False,True
830,22,2,5,12,44,59.90099492160897,4,False,True,False,False,True,False,True
831,48,1,3,19,12,9.12280239085072,1,False,True,True,False,False,False,True
832,22,13,1,7,22,17.265540294355315,1,True,False,True,False,False,False,True
833,55,12,2,10,32,27.43427655543508,10,True,False,False,False,True,True,False
834,20,6,1,16,20,24.128032167688797,8,True,False,False,True,False,False,True
835,40,10,3,3,23,6.1905058740840975,7,False,True,False,False,True,True,False
836,54,11,5,10,46,10.04776835591467,10,False,True,False,False,True,False,True
837,54,8,3,6,21,42.45243102719669,1,False,True,False,False,True,False,True
838,27,3,2,18,49,53.362845484940834,2,True,False,False,True,False,False,True
839,27,12,4,18,17,33.282485619628766,4,True,False,False,False,True,False,True
840,36,10,1,5,11,34.655509373249814,1,False,True,False,True,False,False,True
841,34,1,5,7,31,19.030138805780865,3,True,False,False,False,True,False,True
842,38,9,4,2,14,47.23319999985412,8,False,True,True,False,False,False,True
843,31,13,3,11,38,46.3487023051991,8,False,True,False,False,True,False,True
844,26,13,5,13,40,37.36011290697112,8,True,False,False,False,True,False,True
845,63,1,4,5,29,16.696535758123858,6,False,True,True,False,False,False,True
846,18,3,5,6,10,10.33600200303992,6,True,False,False,True,False,False,True
847,68,8,2,14,28,8.533121672141924,5,False,True,False,True,False,False,True
848,62,14,2,12,22,37.59828366535828,9,True,False,False,False,True,False,True
849,30,3,1,4,27,50.376942552854,4,True,False,True,False,False,False,True
850,21,13,1,6,10,52.20817374795087,10,True,False,False,True,False,True,False
851,18,4,2,10,33,30.49921408888974,7,False,True,False,False,True,True,False
852,66,8,5,18,29,48.13492146186943,1,False,True,True,False,False,False,True
853,57,1,2,15,21,57.078410798756295,9,True,False,False,True,False,False,True
854,49,13,1,8,28,20.13435618684374,7,True,False,False,True,False,False,True
855,51,13,2,9,15,26.887819050941644,10,False,True,True,False,False,True,False
856,45,6,2,5,30,56.23134459281744,9,False,True,True,False,False,False,True
857,48,1,5,10,38,23.602703202450662,7,False,True,True,False,False,False,True
858,25,14,4,6,32,55.2631959676988,2,True,False,True,False,False,True,False
859,56,1,1,16,7,58.95746742399562,6,False,True,False,False,True,False,True
860,43,14,5,3,15,41.39959007159336,10,False,True,True,False,False,False,True
861,51,8,2,10,42,49.928965922729255,4,True,False,False,True,False,False,True
862,20,11,2,11,18,46.22500603215968,3,False,True,False,True,False,False,True
863,67,4,4,11,30,43.47438416885381,2,False,True,False,False,True,True,False
864,29,12,1,17,25,21.88120901396779,6,False,True,False,True,False,True,False
865,18,1,1,4,43,8.140188584936904,8,True,False,False,True,False,False,True
866,61,10,3,4,34,23.86784528858078,6,True,False,True,False,False,False,True
867,22,7,1,17,12,41.68147918621487,9,True,False,False,True,False,False,True
868,47,5,4,9,24,10.639105902529076,5,True,False,False,False,True,False,True
869,47,5,3,19,36,5.655489063803315,2,True,False,True,False,False,False,True
870,34,1,3,5,26,12.683080493161626,8,True,False,True,False,False,False,True
871,65,14,2,6,11,44.36547595259374,9,True,False,False,False,True,False,True
872,64,10,2,3,13,58.50365359110442,10,False,True,True,False,False,False,True
873,40,11,1,1,49,59.06855847881513,4,False,True,True,False,False,False,True
874,32,6,3,16,5,32.16885320271034,6,True,False,False,False,True,False,True
875,54,14,2,11,33,52.81437655457911,10,False,True,True,False,False,False,True
876,38,9,4,13,12,45.525455066332725,8,False,True,False,False,True,False,True
877,31,9,2,10,8,32.55721303415319,9,True,False,False,False,True,False,True
878,19,8,2,3,39,36.50182931252977,5,False,True,False,True,False,False,True
879,28,5,3,9,7,12.54749306392791,6,False,True,False,True,False,False,True
880,68,1,3,12,49,56.571380333912565,4,False,True,True,False,False,False,True
881,56,9,5,14,44,24.356137390247724,5,False,True,True,False,False,False,True
882,55,1,4,1,11,29.53820910514432,7,False,True,False,False,True,False,True
883,51,8,3,18,31,41.94131270488443,9,True,False,True,False,False,False,True
884,55,5,1,17,5,23.364635933960468,10,True,False,False,False,True,True,False
885,67,3,4,9,31,18.984253854391177,6,True,False,False,False,True,False,True
886,51,11,4,9,20,39.70771662986213,6,False,True,True,False,False,False,True
887,35,7,3,10,42,6.37412452550172,8,True,False,False,False,True,False,True
888,47,7,4,19,11,44.639881161467336,4,False,True,False,True,False,False,True
889,32,9,3,15,48,33.271285343208035,3,False,True,True,False,False,False,True
890,44,7,2,5,27,38.3164551786514,7,False,True,False,True,False,False,True
891,68,13,5,15,45,39.75340875857868,5,False,True,True,False,False,False,True
892,51,11,2,2,15,33.987758607091,2,True,False,False,False,True,False,True
893,69,14,3,13,46,37.03935775924048,2,True,False,True,False,False,False,True
894,55,3,3,16,37,42.6083510489431,6,False,True,False,True,False,False,True
895,50,11,2,15,40,46.42153659488208,8,True,False,False,False,True,True,False
896,41,13,1,10,41,45.00988152073663,1,False,True,True,False,False,False,True
897,32,14,1,14,45,52.82890517527439,6,True,False,True,False,False,True,False
898,47,13,1,10,21,15.419388824207152,2,True,False,True,False,False,True,False
899,59,1,3,14,39,27.063138322048864,2,False,True,False,True,False,False,True
900,68,8,4,9,9,57.12878363079514,7,True,False,False,True,False,False,True
901,34,12,3,14,36,26.812481591248133,10,False,True,True,False,False,False,True
902,22,3,4,3,7,11.867854229825744,1,True,False,False,False,True,True,False
903,46,12,2,16,39,33.899481949919874,6,False,True,False,False,True,True,False
904,21,8,5,2,18,11.022003490495418,7,False,True,False,True,False,False,True
905,27,8,4,10,35,16.156928130032586,8,True,False,False,False,True,True,False
906,34,13,1,3,35,59.90753161140262,7,True,False,False,True,False,False,True
907,27,5,3,11,21,34.77494511178726,6,False,True,True,False,False,False,True
908,34,13,2,11,28,20.6232113972236,9,True,False,False,True,False,True,False
909,37,12,1,13,27,59.71262250156484,3,True,False,False,True,False,True,False
910,41,13,2,7,22,58.16074052053288,6,False,True,True,False,False,False,True
911,22,1,5,17,18,29.240647259634496,4,False,True,False,False,True,True,False
912,51,13,3,2,19,19.322170983334964,2,True,False,False,True,False,True,False
913,23,10,3,12,19,51.11198009507045,1,False,True,False,True,False,True,False
914,19,7,5,10,10,44.35913943344821,1,False,True,True,False,False,True,False
915,30,12,3,18,31,42.781778925193066,10,False,True,False,False,True,True,False
916,60,10,4,11,19,54.12125577273599,3,True,False,False,True,False,False,True
917,60,5,2,16,40,42.91794236292286,4,True,False,True,False,False,True,False
918,65,8,1,17,12,20.608886867285204,2,False,True,False,True,False,False,True
919,28,9,5,19,19,43.16247390316528,1,True,False,True,False,False,True,False
920,68,11,4,18,7,21.81974312060152,4,False,True,False,False,True,False,True
921,64,14,1,3,17,46.75814388113473,7,True,False,False,False,True,False,True
922,40,7,1,16,45,39.08613199703613,10,False,True,False,False,True,False,True
923,33,14,5,6,38,9.25763535916128,6,False,True,False,False,True,False,True
924,48,13,4,12,28,33.20594493393281,6,True,False,False,True,False,False,True
925,28,7,1,11,44,23.881553305765756,9,False,True,False,True,False,True,False
926,33,1,1,15,36,23.071384800276185,2,True,False,False,False,True,True,False
927,25,4,4,15,36,38.12409663074915,4,True,False,False,False,True,False,True
928,21,2,3,16,34,22.72786534581837,5,False,True,False,False,True,True,False
929,57,2,1,10,17,47.72915615126799,1,False,True,False,True,False,True,False
930,21,2,2,12,5,8.893528980614594,8,True,False,False,False,True,False,True
931,42,4,4,13,38,41.3213538817704,8,False,True,False,False,True,False,True
932,20,14,1,4,19,49.50571420112077,6,False,True,False,False,True,True,False
933,49,1,5,7,48,42.00574294562365,5,False,True,True,False,False,False,True
934,20,4,2,2,18,32.347605726099765,8,False,True,False,False,True,True,False
935,44,2,1,15,33,57.266885755489966,3,False,True,True,False,False,True,False
936,46,5,2,8,38,21.496616938893496,3,True,False,True,False,False,True,False
937,49,3,2,7,22,6.054233813873777,2,True,False,False,False,True,False,True
938,67,12,3,15,11,28.75941543048925,5,False,True,True,False,False,False,True
939,68,8,2,14,33,6.815656474517999,3,False,True,False,False,True,False,True
940,36,4,3,8,35,57.46652138895248,3,False,True,False,True,False,False,True
941,38,1,4,12,29,16.545492516142833,6,True,False,False,True,False,False,True
942,22,1,3,13,42,48.39098631718837,8,False,True,False,True,False,False,True
943,35,12,5,11,18,47.60146457459007,2,True,False,False,True,False,False,True
944,45,10,1,17,12,16.975089482561344,4,True,False,True,False,False,True,False
945,59,3,4,17,31,39.1674591764092,7,True,False,False,False,True,False,True
946,39,9,4,4,6,7.6443432667547615,1,False,True,False,False,True,False,True
947,38,7,5,8,21,31.59660221371271,1,True,False,False,False,True,False,True
948,23,2,3,5,41,5.80559199998677,10,False,True,False,True,False,False,True
949,18,13,1,16,18,55.6629134099463,7,True,False,False,True,False,False,True
950,22,9,3,4,29,58.68473133097644,7,False,True,False,False,True,True,False
951,58,10,2,15,34,17.22555216512219,1,True,False,False,True,False,False,True
952,29,2,3,12,33,16.445831902800503,1,False,True,False,False,True,True,False
953,43,3,4,5,24,46.45460971091713,4,True,False,False,False,True,False,True
954,63,11,1,16,25,18.9358669356134,5,False,True,False,False,True,True,False
955,51,13,3,14,26,54.22921075390148,5,False,True,False,False,True,True,False
956,66,10,1,10,39,36.56610248676402,4,False,True,False,False,True,True,False
957,31,14,1,7,41,24.292769265567166,8,False,True,False,False,True,True,False
958,43,2,2,13,20,50.7981560492181,7,True,False,False,False,True,True,False
959,62,3,2,5,47,32.137368522736736,9,True,False,False,True,False,True,False
960,44,6,4,3,21,55.13981025396616,7,False,True,False,False,True,False,True
961,26,9,5,15,20,56.04078302011595,10,True,False,False,False,True,False,True
962,43,9,1,4,6,14.098108367062514,1,False,True,False,True,False,False,True
963,64,7,5,15,8,5.127787337256165,7,False,True,False,True,False,False,True
964,39,12,4,14,25,59.116201707832126,1,True,False,False,True,False,False,True
965,64,3,1,19,43,54.83756448701136,7,False,True,False,False,True,False,True
966,47,4,1,13,38,8.049487963711277,10,False,True,True,False,False,True,False
967,60,6,5,10,34,50.81688451675885,8,True,False,True,False,False,True,False
968,65,11,3,5,10,30.179271290756365,9,False,True,False,True,False,False,True
969,34,5,2,6,21,19.24288827637364,3,False,True,True,False,False,False,True
970,43,2,3,4,43,53.33105880223114,4,False,True,False,True,False,True,False
971,53,13,5,2,29,15.8166977814669,4,False,True,False,False,True,False,True
972,18,6,2,16,9,57.10149996810368,9,True,False,True,False,False,True,False
973,25,3,3,18,9,16.30918182346376,7,True,False,False,False,True,False,True
974,66,14,2,5,24,38.7525753250809,3,True,False,True,False,False,False,True
975,52,8,1,4,20,17.269748399093615,10,False,True,False,False,True,False,True
976,69,2,3,13,45,35.011776573274915,5,False,True,True,False,False,True,False
977,32,1,2,19,41,42.618632145332775,7,True,False,False,False,True,False,True
978,64,9,2,2,44,15.462536195107566,8,False,True,False,False,True,False,True
979,39,14,2,13,13,33.648718048537354,1,False,True,True,False,False,False,True
980,31,12,3,11,9,30.798285941456545,2,False,True,False,False,True,False,True
981,43,3,4,4,46,8.907058177183767,7,False,True,False,False,True,True,False
982,45,11,3,15,6,50.00692997214166,2,True,False,False,False,True,True,False
983,40,1,5,4,13,23.462532035356293,7,True,False,True,False,False,False,True
984,31,7,3,9,47,36.602020865353374,9,True,False,True,False,False,False,True
985,41,13,2,7,40,33.31313292132239,2,False,True,False,False,True,False,True
986,19,10,1,19,26,33.22932775137433,7,True,False,False,False,True,True,False
987,62,5,3,19,26,10.89723168146681,4,True,False,True,False,False,True,False
988,43,5,3,6,26,28.2915105087133,2,False,True,True,False,False,False,True
989,31,14,2,6,38,29.88017175636136,7,False,True,False,False,True,True,False
990,68,1,1,15,33,45.35035622004467,5,True,False,False,False,True,False,True
991,24,9,1,15,42,51.201035755638415,1,True,False,False,False,True,True,False
992,20,7,5,9,37,34.974025295500994,5,True,False,False,True,False,True,False
993,64,8,3,4,22,9.773062473574477,3,True,False,True,False,False,True,False
994,40,9,1,18,11,18.026720882810046,7,False,True,False,True,False,True,False
995,63,6,1,18,5,14.07137147690021,6,True,False,True,False,False,False,True
996,60,12,4,5,37,11.853828475401862,8,True,False,True,False,False,True,False
997,64,5,4,11,5,25.12446142397941,5,False,True,True,False,False,False,True
998,62,6,1,5,28,17.616642618491014,2,True,False,True,False,False,False,True
999,35,11,5,4,8,17.006671149633178,9,False,True,True,False,False,False,True
1000,55,2,1,12,8,8.008124601694721,8,False,True,True,False,False,True,False
